Student_ID,Python,Statistics,Machine_Learning,Deep_Learning,Database,Data_Visualization
DS0001,75.0,54,81,84,41,50
DS0002,77.0,57,76,56,83,69
DS0003,76.0,76,100,64,62,58
DS0004,60.0,73,72,73,83,73
DS0005,66.0,92,57,85,45,65
DS0006,69.09009009009009,53,56,77,72,80
DS0007,52.0,77,63,70,77,77
DS0008,76.0,56,64,89,65,81
DS0009,61.0,48,71,62,73,70
DS0010,92.0,52,60,56,64,49
DS0011,76.0,55,38,74,58,64
DS0012,69.0,97,72,85,63,52
DS0013,68.0,69,60,77,63,52
DS0014,64.0,87,76,93,73,52
DS0015,80.0,64,70,68,75,91
DS0016,84.0,50,70,63,65,85
DS0017,71.0,73,100,98,57,66
DS0018,54.0,62,57,69,44,48
DS0019,96.0,55,66,82,77,64
DS0020,72.0,75,71,70,59,75
DS0021,74.0,77,44,84,77,53
DS0022,32.0,66,73,74,64,44
DS0023,90.0,79,96,88,77,96
DS0024,67.0,88,81,97,81,46
DS0025,52.0,60,75,87,79,36
DS0026,92.0,76,83,61,82,86
DS0027,54.0,68,92,59,58,73
DS0028,40.0,94,63,72,90,46
DS0029,71.0,63,77,81,72,81
DS0030,66.0,68,82,40,51,48
DS0031,90.0,71,57,61,48,57
DS0032,43.0,84,61,62,54,60
DS0033,65.0,87,76,68,75,99
DS0034,57.0,46,39,53,63,66
DS0035,65.0,86,53,70,100,73
DS0036,80.0,86,75,66,77,65
DS0037,47.0,26,62,100,77,62
DS0038,60.0,83,94,55,57,90
DS0039,56.0,63,77,47,80,62
DS0040,68.0,73,55,81,80,76
DS0041,57.0,69,75,71,59,84
DS0042,57.0,73,48,90,89,66
DS0043,57.0,74,94,52,74,97
DS0044,43.0,78,61,89,61,60
DS0045,77.0,58,51,81,74,61
DS0046,90.0,54,34,94,100,64
DS0047,80.0,100,73,65,68,79
DS0048,53.0,79,75,57,73,88
DS0049,77.0,62,32,82,74,59
DS0050,79.0,89,62,63,63,82
DS0051,58.0,35,56,56,67,87
DS0052,80.0,70,81,54,70,67
DS0053,48.0,56,92,74,82,53
DS0054,82.0,46,36,85,88,55
DS0055,66.0,55,100,97,87,56
DS0056,43.0,71,62,51,95,96
DS0057,50.0,69,69,97,83,70
DS0058,76.0,43,68,85,86,85
DS0059,51.0,65,73,67,61,74
DS0060,92.0,53,38,42,70,70
DS0061,57.0,65,91,98,65,99
DS0062,85.0,65,63,84,70,74
DS0063,71.0,60,82,50,64,61
DS0064,67.0,68,70,73,84,53
DS0065,62.0,64,71,65,86,60
DS0066,100.0,67,51,71,54,59
DS0067,42.0,65,57,72,61,68
DS0068,95.0,75,79,53,69,84
DS0069,26.0,76,25,44,77,77
DS0070,72.0,55,68,69,50,66
DS0071,54.0,87,64,49,77,77
DS0072,63.0,83,92,97,90,68
DS0073,80.0,70,75,80,64,81
DS0074,66.0,65,79,75,75,76
DS0075,73.0,62,77,62,70,85
DS0076,57.0,62,78,56,77,51
DS0077,77.0,68,92,63,87,60
DS0078,46.0,56,73,90,100,61
DS0079,47.0,80,66,61,70,82
DS0080,87.0,79,79,78,54,81
DS0081,72.0,71,87,65,75,55
DS0082,66.0,39,57,66,60,91
DS0083,40.0,62,70,80,77,64
DS0084,70.0,92,33,49,52,65
DS0085,53.0,41,68,55,69,46
DS0086,70.0,49,65,75,79,68
DS0087,92.0,54,50,63,76,68
DS0088,67.0,59,30,49,43,36
DS0089,81.0,61,78,78,62,53
DS0090,79.0,93,89,55,95,62
DS0091,58.0,75,59,61,82,69
DS0092,57.0,80,80,79,93,92
DS0093,88.0,37,40,82,71,74
DS0094,74.0,83,46,60,53,56
DS0095,88.0,28,65,52,82,60
DS0096,62.0,70,47,73,85,74
DS0097,98.0,77,80,100,67,58
DS0098,68.0,66,78,51,75,99
DS0099,83.0,64,76,53,90,89
DS0100,73.0,74,92,88,27,65
DS0101,92.0,62,77,42,98,79
DS0102,80.0,74,80,70,78,64
DS0103,70.0,67,67,76,91,73
DS0104,45.0,74,69,63,26,51
DS0105,93.0,65,61,65,78,68
DS0106,59.0,57,77,85,71,51
DS0107,68.0,100,48,64,96,77
DS0108,73.0,61,70,61,54,65
DS0109,75.0,67,77,38,69,100
DS0110,90.0,65,41,51,29,66
DS0111,75.0,85,53,100,56,81
DS0112,66.0,43,58,78,76,46
DS0113,68.0,64,72,58,53,56
DS0114,70.0,48,51,70,85,37
DS0115,84.0,55,63,49,49,67
DS0116,87.0,89,49,65,90,78
DS0117,78.0,100,43,75,59,79
DS0118,86.0,52,58,72,70,74
DS0119,80.0,48,71,68,88,67
DS0120,44.0,81,72,100,53,68
DS0121,46.0,72,77,67,46,85
DS0122,80.0,62,74,68,83,62
DS0123,44.0,73,53,63,72,35
DS0124,80.0,68,55,72,61,62
DS0125,56.0,62,71,71,69,70
DS0126,64.0,92,78,50,80,58
DS0127,86.0,79,96,100,55,71
DS0128,56.0,100,63,71,51,96
DS0129,33.0,55,80,88,87,46
DS0130,65.0,68,62,63,69,77
DS0131,41.0,40,74,70,73,63
DS0132,57.0,80,83,93,57,67
DS0133,92.0,56,61,70,83,48
DS0134,66.0,80,77,60,67,86
DS0135,67.0,80,64,74,83,62
DS0136,81.0,91,63,72,40,74
DS0137,66.0,61,47,77,63,54
DS0138,63.0,77,58,78,78,26
DS0139,41.0,87,69,52,61,55
DS0140,70.0,53,60,58,51,71
DS0141,71.0,74,43,60,73,55
DS0142,59.0,77,74,69,64,82
DS0143,94.0,77,73,62,70,66
DS0144,73.0,84,71,76,75,69
DS0145,69.0,53,88,79,51,97
DS0146,77.0,70,58,72,69,50
DS0147,64.0,72,81,63,85,55
DS0148,77.0,72,53,82,52,87
DS0149,48.0,96,74,76,65,67
DS0150,71.0,51,69,71,38,56
DS0151,61.0,77,73,79,72,82
DS0152,59.0,82,66,62,91,54
DS0153,71.0,72,73,82,78,71
DS0154,71.0,100,64,75,58,65
DS0155,59.0,60,56,84,65,72
DS0156,80.0,59,62,56,90,80
DS0157,66.0,52,75,71,77,78
DS0158,68.0,63,100,78,81,56
DS0159,62.0,67,71,79,86,66
DS0160,57.0,70,70,69,60,48
DS0161,100.0,74,77,54,51,94
DS0162,49.0,84,77,61,46,59
DS0163,75.0,74,86,78,34,58
DS0164,76.0,54,79,84,72,25
DS0165,77.0,75,80,100,85,46
DS0166,62.0,65,63,57,29,63
DS0167,91.0,71,77,75,66,76
DS0168,37.0,92,73,85,56,47
DS0169,92.0,67,39,67,82,55
DS0170,52.0,37,72,75,88,94
DS0171,57.0,82,53,66,68,94
DS0172,47.0,62,80,61,46,80
DS0173,63.0,67,60,79,63,85
DS0174,34.0,62,56,94,44,48
DS0175,93.0,63,72,87,100,61
DS0176,55.0,74,85,68,71,79
DS0177,62.0,64,78,58,64,71
DS0178,59.0,58,63,90,80,70
DS0179,81.0,66,97,57,73,69
DS0180,81.0,59,86,100,68,37
DS0181,93.0,75,84,65,61,96
DS0182,67.0,97,67,43,98,80
DS0183,67.0,86,57,46,79,79
DS0184,44.0,77,45,68,63,39
DS0185,90.0,95,87,56,73,77
DS0186,58.0,56,89,91,55,85
DS0187,58.0,100,77,81,46,58
DS0188,88.0,57,55,67,82,50
DS0189,58.0,95,60,60,93,73
DS0190,69.0,70,87,88,65,67
DS0191,95.0,62,74,100,54,42
DS0192,55.0,59,65,49,64,72
DS0193,66.0,75,93,78,43,77
DS0194,89.0,41,51,55,69,65
DS0195,83.0,88,73,67,76,27
DS0196,72.0,72,86,54,73,89
DS0197,52.0,50,96,63,70,64
DS0198,85.0,87,86,63,67,81
DS0199,81.0,83,60,46,62,83
DS0200,66.0,68,64,100,78,63
DS0201,70.0,69,61,63,92,68
DS0202,66.0,85,83,55,57,72
DS0203,70.0,62,48,82,81,83
DS0204,45.0,100,56,85,85,55
DS0205,79.0,81,60,54,61,61
DS0206,69.0,72,65,57,48,79
DS0207,42.0,60,54,42,72,36
DS0208,70.0,75,78,72,64,65
DS0209,57.0,82,62,49,85,62
DS0210,70.0,36,75,99,94,97
DS0211,82.0,74,50,65,59,83
DS0212,95.0,89,70,66,68,73
DS0213,38.0,55,78,72,73,99
DS0214,100.0,70,85,69,70,61
DS0215,69.0,93,67,74,50,63
DS0216,63.0,59,52,100,82,65
DS0217,66.0,81,100,65,64,72
DS0218,76.0,59,67,70,81,50
DS0219,72.0,69,57,69,89,68
DS0220,85.0,56,56,69,63,53
DS0221,66.0,70,74,77,100,57
DS0222,51.0,86,63,53,73,62
DS0223,84.0,58,97,53,90,60
DS0224,81.0,72,51,58,74,88
DS0225,75.0,73,80,78,74,78
DS0226,62.0,53,89,86,78,100
DS0227,68.0,97,74,74,56,76
DS0228,78.0,78,80,60,75,57
DS0229,44.0,83,73,79,76,55
DS0230,50.0,49,58,71,52,68
DS0231,87.0,76,65,77,75,85
DS0232,88.0,100,85,91,71,45
DS0233,93.0,54,83,63,78,86
DS0234,75.0,57,50,83,73,87
DS0235,65.0,72,54,75,94,63
DS0236,64.0,41,53,84,38,59
DS0237,86.0,64,55,67,74,63
DS0238,100.0,84,85,100,78,77
DS0239,83.0,68,60,87,82,46
DS0240,66.0,70,69,42,64,71
DS0241,82.0,48,67,74,73,78
DS0242,62.0,55,72,69,36,73
DS0243,47.0,48,61,70,61,79
DS0244,76.0,70,62,47,62,54
DS0245,63.0,76,82,59,86,47
DS0246,40.0,72,65,53,71,72
DS0247,76.0,76,78,98,82,46
DS0248,99.0,100,71,71,64,87
DS0249,81.0,92,57,74,56,67
DS0250,42.0,91,84,47,65,86
DS0251,83.0,85,90,83,86,81
DS0252,69.0,85,86,67,79,66
DS0253,54.0,78,49,61,86,75
DS0254,46.0,56,94,76,50,47
DS0255,65.0,83,58,73,75,68
DS0256,52.0,86,44,84,66,67
DS0257,95.0,81,52,77,83,81
DS0258,78.0,50,80,100,71,69
DS0259,97.0,77,64,100,64,61
DS0260,45.0,92,82,69,80,59
DS0261,75.0,66,75,61,57,86
DS0262,60.0,68,67,51,66,90
DS0263,91.0,64,91,71,91,74
DS0264,70.0,76,64,75,67,46
DS0265,50.0,100,54,79,60,71
DS0266,100.0,90,81,69,41,50
DS0267,59.0,58,78,67,67,79
DS0268,82.0,77,77,74,71,80
DS0269,59.0,81,100,64,71,63
DS0270,100.0,64,45,83,59,89
DS0271,76.0,43,63,81,75,79
DS0272,76.0,78,86,56,56,77
DS0273,65.0,71,97,63,63,93
DS0274,65.0,59,67,75,85,31
DS0275,87.0,59,69,73,93,65
DS0276,74.0,53,55,100,67,58
DS0277,74.0,98,71,35,69,100
DS0278,53.0,70,64,76,52,81
DS0279,70.0,55,63,52,51,76
DS0280,59.0,71,55,64,66,59
DS0281,60.0,75,80,80,47,67
DS0282,63.0,50,36,66,65,60
DS0283,82.0,49,48,59,54,81
DS0284,72.0,65,57,81,89,69
DS0285,70.0,40,59,85,61,58
DS0286,61.0,54,47,73,74,96
DS0287,65.0,49,58,61,53,77
DS0288,85.0,66,60,51,74,83
DS0289,75.0,74,80,96,73,68
DS0290,57.0,56,60,80,67,73
DS0291,60.0,67,71,68,70,48
DS0292,76.0,62,79,76,83,81
DS0293,58.0,69,69,37,67,68
DS0294,87.0,83,71,64,85,70
DS0295,78.0,44,78,82,77,67
DS0296,92.0,70,78,78,60,78
DS0297,55.0,75,81,69,85,65
DS0298,91.0,73,55,75,68,100
DS0299,64.0,92,76,57,60,62
DS0300,67.0,75,53,55,69,78
DS0301,39.0,58,88,71,49,100
DS0302,79.0,55,89,57,74,45
DS0303,70.0,83,87,65,71,75
DS0304,64.0,94,78,100,52,60
DS0305,91.0,88,79,73,73,69
DS0306,70.0,73,78,61,92,66
DS0307,64.0,74,87,63,83,60
DS0308,98.0,76,64,81,66,64
DS0309,60.0,68,76,63,46,57
DS0310,86.0,59,61,70,70,74
DS0311,69.0,79,62,56,100,59
DS0312,43.0,98,52,93,85,79
DS0313,63.0,62,75,57,36,76
DS0314,65.0,63,99,75,75,64
DS0315,61.0,53,97,83,37,47
DS0316,64.0,66,79,46,94,73
DS0317,51.0,69,63,60,93,69
DS0318,59.0,68,57,89,75,76
DS0319,49.0,67,48,69,45,78
DS0320,75.0,38,69,55,72,54
DS0321,79.0,100,61,66,61,73
DS0322,100.0,58,74,59,97,83
DS0323,76.0,73,71,60,95,54
DS0324,63.0,38,74,62,48,86
DS0325,66.0,67,89,59,71,84
DS0326,86.0,52,66,73,59,91
DS0327,53.0,80,86,74,42,55
DS0328,60.0,60,75,97,94,75
DS0329,72.0,25,73,80,77,68
DS0330,33.0,63,81,65,82,72
DS0331,93.0,74,66,81,83,65
DS0332,73.0,54,89,53,64,71
DS0333,79.0,53,69,71,83,98
DS0334,52.0,75,52,25,54,63
DS0335,59.0,73,66,56,85,76
DS0336,65.0,79,60,100,83,90
DS0337,90.0,76,82,56,54,94
DS0338,61.0,87,74,74,59,68
DS0339,74.0,81,79,76,65,58
DS0340,65.0,74,72,29,56,69
DS0341,66.0,100,36,64,70,58
DS0342,74.0,81,52,54,44,83
DS0343,62.0,73,100,75,94,88
DS0344,80.0,66,81,57,50,69
DS0345,70.0,100,79,44,25,81
DS0346,78.0,70,85,63,50,100
DS0347,35.0,98,68,79,49,63
DS0348,42.0,50,41,54,58,46
DS0349,53.0,69,83,84,79,59
DS0350,60.0,62,67,46,79,80
DS0351,73.0,50,52,54,63,84
DS0352,65.0,73,94,67,88,78
DS0353,63.0,39,71,70,73,100
DS0354,54.0,88,72,44,69,74
DS0355,75.0,92,86,80,56,96
DS0356,62.0,66,59,68,98,91
DS0357,100.0,71,38,79,56,60
DS0358,75.0,67,49,85,29,63
DS0359,99.0,48,76,76,74,63
DS0360,82.0,71,57,66,66,60
DS0361,51.0,49,95,75,64,56
DS0362,31.0,68,67,82,42,87
DS0363,53.0,70,58,76,43,38
DS0364,86.0,59,70,70,66,64
DS0365,38.0,83,60,88,63,69
DS0366,55.0,60,71,67,81,90
DS0367,78.0,66,86,100,56,55
DS0368,66.0,79,67,66,70,82
DS0369,65.0,69,62,92,77,91
DS0370,76.0,77,61,77,67,27
DS0371,94.0,69,71,90,80,57
DS0372,56.0,60,42,54,85,100
DS0373,44.0,60,60,69,69,100
DS0374,75.0,79,91,84,71,52
DS0375,48.0,55,64,50,76,81
DS0376,84.0,40,90,76,85,76
DS0377,61.0,66,57,75,59,67
DS0378,75.0,57,69,91,96,92
DS0379,77.0,78,55,68,47,40
DS0380,72.0,63,63,100,47,76
DS0381,77.0,57,75,100,72,92
DS0382,93.0,97,72,65,90,81
DS0383,41.0,74,80,47,60,57
DS0384,75.0,95,87,54,82,83
DS0385,52.0,92,78,70,62,74
DS0386,68.0,62,72,99,65,74
DS0387,61.0,71,83,70,65,66
DS0388,66.0,56,66,94,49,46
DS0389,81.0,50,70,74,87,46
DS0390,45.0,79,84,66,52,84
DS0391,100.0,47,75,54,85,56
DS0392,69.0,87,59,46,69,89
DS0393,89.0,79,83,78,68,54
DS0394,63.0,77,64,74,54,57
DS0395,82.0,99,59,55,59,66
DS0396,58.0,63,37,54,59,71
DS0397,61.0,64,64,71,91,82
DS0398,73.0,67,69,59,79,69
DS0399,76.0,79,52,69,95,96
DS0400,72.0,74,77,61,50,94
DS0401,73.0,83,65,47,79,87
DS0402,54.0,62,72,62,82,67
DS0403,59.0,74,65,95,90,79
DS0404,60.0,60,92,82,64,68
DS0405,88.0,76,25,80,99,40
DS0406,79.0,64,42,80,96,87
DS0407,79.0,62,67,41,65,70
DS0408,67.0,60,78,62,76,70
DS0409,98.0,64,57,55,44,93
DS0410,100.0,74,64,61,42,66
DS0411,58.0,83,25,76,100,47
DS0412,100.0,72,73,44,62,87
DS0413,80.0,43,87,81,87,79
DS0414,75.0,87,87,57,74,57
DS0415,72.0,63,95,68,72,88
DS0416,61.0,66,47,52,62,69
DS0417,87.0,55,76,100,73,58
DS0418,68.0,62,55,98,77,79
DS0419,50.0,72,67,42,78,84
DS0420,40.0,84,58,69,49,61
DS0421,69.0,85,86,80,48,57
DS0422,77.0,61,45,66,90,77
DS0423,60.0,89,87,87,65,69
DS0424,96.0,100,88,70,67,79
DS0425,66.0,71,57,81,91,94
DS0426,66.0,66,96,100,52,51
DS0427,70.0,46,53,53,81,74
DS0428,57.0,86,100,36,80,43
DS0429,49.0,94,69,99,88,58
DS0430,70.0,64,62,62,49,59
DS0431,73.0,63,38,84,74,65
DS0432,83.0,79,25,78,55,49
DS0433,85.0,47,86,68,69,44
DS0434,37.0,75,94,92,76,65
DS0435,50.0,82,69,83,62,82
DS0436,54.0,66,87,62,57,72
DS0437,56.0,54,50,82,74,71
DS0438,53.0,54,49,82,81,97
DS0439,57.0,85,69,65,59,62
DS0440,67.0,72,59,77,92,50
DS0441,48.0,82,77,89,67,68
DS0442,92.0,95,75,99,69,84
DS0443,67.0,96,100,45,65,54
DS0444,30.0,69,100,90,42,65
DS0445,83.0,41,64,85,48,73
DS0446,68.0,83,78,59,72,92
DS0447,61.0,61,88,85,73,81
DS0448,81.0,70,66,70,83,60
DS0449,50.0,54,62,87,70,63
DS0450,81.0,85,61,73,84,53
DS0451,53.0,76,87,69,67,76
DS0452,38.0,78,100,79,53,74
DS0453,62.0,53,42,51,72,85
DS0454,65.0,89,48,79,88,71
DS0455,66.0,72,62,74,100,68
DS0456,42.0,76,50,89,70,66
DS0457,70.0,76,58,100,61,93
DS0458,71.0,62,65,96,55,56
DS0459,80.0,75,69,64,57,81
DS0460,49.0,76,70,99,66,88
DS0461,83.0,63,66,53,60,96
DS0462,69.0,69,80,30,73,69
DS0463,93.0,75,73,84,86,82
DS0464,70.0,63,92,82,75,65
DS0465,85.0,66,81,71,51,80
DS0466,57.0,69,38,62,66,67
DS0467,58.0,85,64,54,69,72
DS0468,81.0,72,85,62,72,60
DS0469,57.0,76,73,86,81,86
DS0470,65.0,87,94,48,91,52
DS0471,69.0,70,95,27,56,70
DS0472,68.0,70,44,77,63,89
DS0473,53.0,63,69,79,44,46
DS0474,74.0,60,71,76,96,82
DS0475,65.0,80,73,81,50,68
DS0476,79.0,71,70,87,61,68
DS0477,62.0,60,75,65,63,50
DS0478,61.0,54,61,70,58,71
DS0479,64.0,67,86,43,100,100
DS0480,67.0,78,52,45,100,60
DS0481,64.0,66,44,82,54,92
DS0482,63.0,65,84,58,96,50
DS0483,64.0,73,58,55,53,63
DS0484,35.0,87,67,97,44,84
DS0485,55.0,49,92,58,92,78
DS0486,79.0,69,77,63,52,96
DS0487,69.0,97,49,78,100,70
DS0488,70.0,53,93,65,53,44
DS0489,99.0,65,76,47,93,63
DS0490,64.0,75,63,71,54,74
DS0491,86.0,74,88,40,32,64
DS0492,62.0,91,68,97,58,81
DS0493,98.0,70,51,64,70,55
DS0494,77.0,61,72,48,86,68
DS0495,72.0,44,67,82,64,67
DS0496,84.0,69,57,71,52,54
DS0497,71.0,71,100,79,61,80
DS0498,49.0,67,86,70,55,50
DS0499,63.0,59,62,67,69,58
DS0500,82.0,96,98,84,81,67
DS0501,77.0,92,75,92,51,100
DS0502,78.0,100,46,94,62,63
DS0503,75.0,66,71,80,86,65
DS0504,81.0,46,46,65,67,48
DS0505,71.0,72,88,61,82,71
DS0506,64.0,63,52,78,58,86
DS0507,81.0,74,85,78,96,78
DS0508,60.0,79,66,94,77,84
DS0509,36.0,79,65,56,75,88
DS0510,69.0,54,45,82,62,75
DS0511,85.0,67,68,76,75,79
DS0512,53.0,65,49,79,72,45
DS0513,72.0,67,64,65,100,58
DS0514,63.0,94,78,85,77,63
DS0515,51.0,69,73,64,75,70
DS0516,63.0,93,91,77,68,79
DS0517,81.0,56,61,62,54,85
DS0518,81.0,78,71,62,58,89
DS0519,48.0,47,64,69,57,80
DS0520,84.0,65,86,53,60,76
DS0521,35.0,53,77,50,76,84
DS0522,59.0,91,54,71,88,87
DS0523,80.0,48,77,55,61,100
DS0524,78.0,64,93,61,86,97
DS0525,71.0,72,61,62,68,69
DS0526,73.0,63,70,52,67,56
DS0527,63.0,54,87,71,100,65
DS0528,80.0,67,71,78,42,89
DS0529,54.0,72,65,50,80,62
DS0530,80.0,80,79,49,57,67
DS0531,63.0,86,68,80,73,49
DS0532,84.0,59,70,73,93,48
DS0533,56.0,63,84,44,50,67
DS0534,48.0,77,65,68,86,59
DS0535,88.0,57,64,78,53,68
DS0536,47.0,65,75,92,61,60
DS0537,83.0,72,82,73,76,61
DS0538,68.0,72,25,64,75,77
DS0539,93.0,66,73,62,43,84
DS0540,59.0,58,85,52,75,72
DS0541,76.0,77,62,92,63,76
DS0542,100.0,75,50,67,55,64
DS0543,74.0,80,72,80,81,72
DS0544,63.0,48,60,74,89,78
DS0545,90.0,70,86,84,80,43
DS0546,72.0,64,69,50,70,54
DS0547,67.0,53,98,70,69,64
DS0548,81.0,66,68,75,58,70
DS0549,84.0,69,97,80,64,74
DS0550,68.0,42,25,47,70,69
DS0551,61.0,57,62,86,68,60
DS0552,67.0,61,64,59,66,78
DS0553,74.0,63,53,81,82,84
DS0554,71.0,64,96,53,62,56
DS0555,68.0,49,50,73,78,39
DS0556,56.0,55,93,55,86,63
DS0557,83.0,79,51,52,60,73
DS0558,72.0,56,61,77,91,69
DS0559,69.0,53,100,54,69,75
DS0560,65.0,65,63,47,68,64
DS0561,68.0,49,50,83,51,76
DS0562,80.0,54,77,91,70,85
DS0563,100.0,100,74,78,88,52
DS0564,84.0,85,79,76,48,79
DS0565,66.0,85,53,54,55,65
DS0566,70.0,62,70,81,64,78
DS0567,61.0,49,49,79,70,63
DS0568,62.0,83,86,62,59,81
DS0569,54.0,63,60,72,79,100
DS0570,41.0,96,62,45,83,59
DS0571,81.0,73,68,48,79,71
DS0572,68.0,75,80,67,37,47
DS0573,71.0,77,66,80,94,68
DS0574,75.0,72,69,69,69,64
DS0575,50.0,76,74,75,89,88
DS0576,45.0,72,52,57,87,79
DS0577,79.0,84,84,73,72,78
DS0578,95.0,63,72,81,39,62
DS0579,78.0,65,72,61,89,93
DS0580,60.0,76,54,80,91,94
DS0581,100.0,59,55,88,52,67
DS0582,71.0,51,60,67,62,70
DS0583,85.0,34,58,68,81,62
DS0584,84.0,62,58,90,47,89
DS0585,80.0,54,80,77,93,79
DS0586,80.0,76,67,59,86,75
DS0587,81.0,100,86,70,53,50
DS0588,68.0,67,98,73,46,76
DS0589,96.0,78,62,87,61,72
DS0590,65.0,53,71,56,89,70
DS0591,78.0,51,61,56,97,84
DS0592,71.0,68,66,64,73,76
DS0593,53.0,90,73,60,67,62
DS0594,74.0,69,72,71,74,90
DS0595,65.0,55,65,81,76,76
DS0596,77.0,67,93,64,73,79
DS0597,75.0,49,78,49,79,62
DS0598,33.0,100,78,80,68,42
DS0599,52.0,100,100,94,89,69
DS0600,43.0,84,46,74,57,49
DS0601,100.0,71,58,66,83,62
DS0602,72.0,91,67,84,43,63
DS0603,73.0,93,77,90,65,59
DS0604,63.0,87,64,79,73,81
DS0605,80.0,65,84,67,85,76
DS0606,96.0,88,71,73,59,67
DS0607,92.0,74,81,82,91,81
DS0608,81.0,62,53,76,62,72
DS0609,76.0,62,74,93,73,46
DS0610,71.0,89,68,65,60,43
DS0611,92.0,82,71,73,59,48
DS0612,65.0,61,84,41,40,70
DS0613,69.0,100,67,78,80,81
DS0614,83.0,57,66,84,92,58
DS0615,90.0,54,65,84,68,63
DS0616,55.0,59,54,77,40,55
DS0617,55.0,52,68,88,79,59
DS0618,70.0,78,72,66,76,82
DS0619,100.0,62,62,64,71,65
DS0620,53.0,82,61,52,67,91
DS0621,74.0,59,83,96,61,42
DS0622,70.0,51,52,72,53,47
DS0623,66.0,78,64,71,81,71
DS0624,72.0,80,91,70,100,73
DS0625,82.0,80,87,65,88,50
DS0626,63.0,62,50,61,88,71
DS0627,76.0,65,84,81,90,60
DS0628,82.0,92,62,78,76,70
DS0629,43.0,70,100,60,83,63
DS0630,91.0,74,77,72,62,70
DS0631,75.0,72,69,77,72,29
DS0632,85.0,75,72,91,88,87
DS0633,59.0,66,75,77,62,98
DS0634,81.0,76,66,68,81,53
DS0635,53.0,45,72,64,47,78
DS0636,76.0,92,89,77,52,62
DS0637,64.0,53,100,70,91,83
DS0638,74.0,50,63,58,63,69
DS0639,67.0,81,51,81,79,89
DS0640,94.0,73,85,40,63,42
DS0641,67.0,54,78,79,83,75
DS0642,55.0,65,94,86,45,90
DS0643,37.0,64,64,87,89,84
DS0644,67.0,75,69,47,98,85
DS0645,53.0,95,71,73,40,61
DS0646,55.0,54,81,29,63,91
DS0647,72.0,53,88,100,77,60
DS0648,64.0,71,61,61,76,73
DS0649,71.0,100,91,88,81,96
DS0650,71.0,67,83,100,76,59
DS0651,68.0,80,83,89,76,86
DS0652,77.0,86,61,64,54,62
DS0653,61.0,61,44,46,52,73
DS0654,92.0,77,59,72,58,76
DS0655,84.0,57,50,25,69,58
DS0656,79.0,84,71,58,63,80
DS0657,43.0,76,86,79,64,56
DS0658,72.0,95,61,89,59,87
DS0659,54.0,68,73,62,100,74
DS0660,58.0,57,79,61,66,83
DS0661,100.0,54,74,56,65,97
DS0662,83.0,88,49,100,49,89
DS0663,52.0,58,53,64,76,72
DS0664,59.0,79,42,82,70,63
DS0665,56.0,51,69,82,46,59
DS0666,53.0,69,69,67,57,76
DS0667,78.0,43,91,72,69,54
DS0668,70.0,86,56,79,68,56
DS0669,71.0,58,55,66,81,73
DS0670,100.0,95,81,75,42,72
DS0671,64.0,75,53,72,67,60
DS0672,64.0,72,55,63,65,51
DS0673,81.0,90,60,89,81,67
DS0674,83.0,78,74,72,83,81
DS0675,57.0,72,100,56,59,70
DS0676,93.0,47,54,76,61,47
DS0677,67.0,81,52,100,59,70
DS0678,57.0,64,85,73,69,49
DS0679,77.0,66,100,89,90,80
DS0680,48.0,98,67,49,59,45
DS0681,100.0,82,66,61,69,72
DS0682,43.0,72,45,80,66,98
DS0683,66.0,67,70,87,75,54
DS0684,61.0,64,77,80,67,84
DS0685,67.0,94,68,80,100,76
DS0686,58.0,63,79,87,100,63
DS0687,89.0,70,51,66,39,52
DS0688,80.0,93,64,90,54,54
DS0689,60.0,59,77,70,64,69
DS0690,84.0,81,87,85,94,67
DS0691,49.0,75,62,73,71,77
DS0692,73.0,70,78,70,58,62
DS0693,51.0,84,49,78,94,94
DS0694,65.0,89,69,72,66,62
DS0695,70.0,100,89,62,76,81
DS0696,75.0,39,65,88,79,86
DS0697,62.0,91,79,70,78,74
DS0698,80.0,83,43,69,77,71
DS0699,51.0,100,57,71,52,71
DS0700,52.0,73,42,84,45,58
DS0701,58.0,96,100,78,85,25
DS0702,87.0,88,63,78,67,74
DS0703,98.0,72,73,73,85,79
DS0704,79.0,51,70,50,76,42
DS0705,45.0,72,78,77,79,70
DS0706,50.0,68,49,64,65,83
DS0707,66.0,66,44,78,60,81
DS0708,77.0,65,45,77,58,73
DS0709,76.0,52,58,73,80,63
DS0710,60.0,67,77,47,61,92
DS0711,68.0,69,93,62,50,74
DS0712,66.0,64,60,74,77,76
DS0713,79.0,83,81,65,89,70
DS0714,82.0,67,48,79,58,50
DS0715,86.0,82,85,28,96,80
DS0716,66.0,78,66,65,86,89
DS0717,54.0,51,88,55,70,84
DS0718,80.0,61,94,69,71,87
DS0719,71.0,92,46,45,82,83
DS0720,67.0,66,76,70,62,89
DS0721,100.0,59,46,54,59,55
DS0722,42.0,59,78,68,67,52
DS0723,58.0,37,76,57,80,59
DS0724,32.0,96,93,76,72,47
DS0725,56.0,51,68,73,62,82
DS0726,44.0,74,41,72,50,64
DS0727,63.0,100,76,55,64,58
DS0728,69.0,82,53,42,77,55
DS0729,61.0,67,100,73,77,59
DS0730,83.0,56,59,69,44,82
DS0731,69.0,63,58,86,38,67
DS0732,63.0,83,52,69,70,64
DS0733,69.0,57,53,86,62,34
DS0734,68.0,75,75,63,70,42
DS0735,70.0,51,45,74,91,71
DS0736,63.0,67,68,69,88,35
DS0737,79.0,76,68,100,82,59
DS0738,61.0,79,63,64,62,87
DS0739,61.0,64,89,72,89,77
DS0740,64.0,53,58,66,80,89
DS0741,68.0,60,66,87,55,57
DS0742,86.0,52,90,65,59,67
DS0743,69.0,49,83,63,94,49
DS0744,44.0,62,60,67,36,69
DS0745,52.0,95,71,68,94,70
DS0746,84.0,50,46,62,99,98
DS0747,78.0,59,78,62,77,76
DS0748,90.0,72,85,75,62,72
DS0749,79.0,60,53,85,53,55
DS0750,43.0,60,58,61,56,63
DS0751,81.0,84,70,58,74,67
DS0752,86.0,77,100,75,80,74
DS0753,50.0,95,62,85,74,75
DS0754,76.0,71,53,67,79,63
DS0755,80.0,81,73,86,89,82
DS0756,52.0,86,72,90,76,54
DS0757,96.0,38,72,91,57,68
DS0758,85.0,81,54,51,56,78
DS0759,61.0,85,59,82,35,62
DS0760,48.0,63,89,78,68,72
DS0761,65.0,71,43,77,89,79
DS0762,73.0,65,69,83,85,91
DS0763,51.0,56,93,74,61,68
DS0764,77.0,48,67,100,70,59
DS0765,74.0,91,75,61,71,45
DS0766,78.0,75,74,51,84,33
DS0767,51.0,81,66,41,72,77
DS0768,48.0,63,52,61,89,61
DS0769,60.0,56,55,85,87,62
DS0770,79.0,72,78,77,56,76
DS0771,53.0,53,39,25,68,100
DS0772,74.0,80,65,71,54,50
DS0773,80.0,86,56,71,78,72
DS0774,80.0,80,92,69,72,84
DS0775,85.0,32,64,98,65,71
DS0776,54.0,87,70,62,62,62
DS0777,68.0,100,100,54,56,54
DS0778,86.0,57,90,61,63,54
DS0779,63.0,66,92,58,59,53
DS0780,50.0,80,72,80,53,75
DS0781,80.0,42,62,50,67,83
DS0782,81.0,56,66,66,62,44
DS0783,61.0,66,70,58,67,83
DS0784,64.0,76,96,79,87,52
DS0785,97.0,79,75,64,71,72
DS0786,77.0,100,41,100,67,75
DS0787,88.0,87,60,94,71,71
DS0788,66.0,55,60,99,60,35
DS0789,79.0,68,67,56,55,98
DS0790,78.0,78,95,100,66,80
DS0791,57.0,75,76,85,57,61
DS0792,57.0,99,83,63,91,62
DS0793,70.0,51,68,70,54,75
DS0794,49.0,62,72,87,89,97
DS0795,57.0,76,62,56,100,86
DS0796,75.0,86,77,81,64,52
DS0797,69.0,46,62,73,73,87
DS0798,79.0,68,82,89,83,70
DS0799,57.0,77,65,59,71,76
DS0800,65.0,95,49,66,100,76
DS0801,49.0,63,56,86,62,76
DS0802,100.0,56,87,47,66,50
DS0803,59.0,71,79,91,67,65
DS0804,76.0,25,61,53,88,63
DS0805,53.0,71,75,49,81,81
DS0806,97.0,56,59,65,88,51
DS0807,72.0,36,65,65,65,62
DS0808,38.0,80,52,71,58,64
DS0809,88.0,62,74,73,87,68
DS0810,62.0,68,92,95,82,75
DS0811,78.0,91,46,99,46,52
DS0812,90.0,76,30,51,77,64
DS0813,68.0,32,46,65,100,43
DS0814,60.0,81,46,83,71,67
DS0815,71.0,76,75,56,65,78
DS0816,62.0,52,40,61,78,54
DS0817,56.0,50,86,65,37,61
DS0818,56.0,88,58,85,64,72
DS0819,73.0,55,86,68,65,77
DS0820,57.0,53,85,41,57,72
DS0821,80.0,62,80,42,75,64
DS0822,36.0,55,91,51,83,81
DS0823,66.0,61,91,79,56,52
DS0824,56.0,63,95,66,67,78
DS0825,58.0,77,49,53,75,85
DS0826,68.0,94,70,71,77,69
DS0827,90.0,62,73,69,71,57
DS0828,86.0,89,76,63,72,76
DS0829,92.0,97,85,90,88,78
DS0830,77.0,60,50,87,63,70
DS0831,72.0,73,81,69,77,55
DS0832,77.0,45,96,82,80,44
DS0833,57.0,85,53,52,51,85
DS0834,54.0,79,80,51,66,98
DS0835,69.0,50,89,86,54,65
DS0836,83.0,68,42,81,72,76
DS0837,65.0,51,78,64,61,59
DS0838,100.0,50,64,71,65,86
DS0839,72.0,57,84,73,69,51
DS0840,80.0,87,98,59,58,80
DS0841,46.0,58,60,78,64,69
DS0842,74.0,52,64,60,55,71
DS0843,69.0,90,100,81,86,96
DS0844,46.0,73,53,70,72,73
DS0845,58.0,62,55,60,49,68
DS0846,53.0,78,68,71,89,90
DS0847,57.0,61,44,65,63,50
DS0848,66.0,74,70,73,47,80
DS0849,93.0,53,76,63,67,49
DS0850,37.0,80,68,65,68,46
DS0851,64.0,53,48,74,59,88
DS0852,73.0,45,76,72,83,79
DS0853,100.0,83,93,47,49,65
DS0854,57.0,71,100,65,63,87
DS0855,72.0,100,75,69,79,65
DS0856,71.0,64,69,58,70,71
DS0857,55.0,80,60,61,62,55
DS0858,69.0,71,70,93,70,60
DS0859,63.0,100,72,61,49,90
DS0860,75.0,76,86,71,58,68
DS0861,66.0,75,51,53,65,68
DS0862,49.0,65,71,51,49,73
DS0863,30.0,53,68,75,43,69
DS0864,100.0,52,62,84,81,77
DS0865,79.0,75,75,54,69,67
DS0866,25.0,71,84,67,63,66
DS0867,61.0,100,60,38,61,77
DS0868,64.0,51,63,67,81,64
DS0869,58.0,71,84,58,70,69
DS0870,89.0,52,77,63,74,58
DS0871,66.0,71,96,72,71,72
DS0872,67.0,40,79,72,55,82
DS0873,68.0,63,42,89,66,59
DS0874,70.0,74,58,69,83,45
DS0875,41.0,48,79,66,93,79
DS0876,100.0,67,78,64,71,47
DS0877,58.0,56,43,61,55,72
DS0878,72.0,61,68,39,68,64
DS0879,82.0,72,71,78,61,90
DS0880,80.0,57,82,75,57,69
DS0881,57.0,75,66,56,85,71
DS0882,90.0,98,67,75,71,96
DS0883,88.0,70,72,44,59,84
DS0884,52.0,73,64,72,88,76
DS0885,65.0,91,70,80,78,58
DS0886,81.0,50,74,67,64,89
DS0887,63.0,49,52,66,51,75
DS0888,34.0,80,72,78,51,65
DS0889,84.0,81,83,67,67,60
DS0890,42.0,81,58,66,43,57
DS0891,72.0,69,70,73,60,67
DS0892,69.0,73,38,77,71,60
DS0893,83.0,52,79,60,74,62
DS0894,59.0,72,73,51,57,58
DS0895,65.0,58,74,100,78,69
DS0896,74.0,67,56,68,83,62
DS0897,54.0,69,100,60,77,74
DS0898,86.0,79,69,61,63,48
DS0899,67.0,78,67,81,46,94
DS0900,91.0,75,96,71,86,76
DS0901,95.0,66,58,53,65,62
DS0902,76.0,60,64,83,86,71
DS0903,74.0,52,66,76,94,66
DS0904,61.0,100,82,90,65,83
DS0905,96.0,48,78,82,65,73
DS0906,83.0,69,94,60,73,65
DS0907,83.0,59,79,98,57,100
DS0908,81.0,67,60,65,75,71
DS0909,80.0,55,56,66,92,72
DS0910,66.0,58,100,75,77,63
DS0911,64.0,76,70,89,46,81
DS0912,72.0,59,65,42,64,85
DS0913,100.0,60,51,59,67,100
DS0914,96.0,80,71,98,99,69
DS0915,99.0,59,96,65,47,89
DS0916,61.0,81,67,65,56,61
DS0917,62.0,75,77,100,74,41
DS0918,80.0,87,83,71,100,65
DS0919,77.0,69,77,75,64,48
DS0920,61.0,90,83,55,65,81
DS0921,47.0,68,82,49,74,82
DS0922,60.0,69,62,70,61,67
DS0923,75.0,87,66,86,72,78
DS0924,38.0,47,100,60,99,76
DS0925,57.0,89,94,73,65,93
DS0926,72.0,66,61,70,62,69
DS0927,94.0,72,79,81,59,56
DS0928,67.0,58,60,25,55,86
DS0929,70.0,52,40,68,79,79
DS0930,87.0,75,48,77,63,64
DS0931,60.0,63,75,47,73,59
DS0932,47.0,88,76,65,56,54
DS0933,65.0,73,64,63,75,93
DS0934,82.0,72,83,62,83,85
DS0935,51.0,64,71,59,71,71
DS0936,64.0,50,83,64,80,84
DS0937,58.0,60,58,58,92,66
DS0938,73.0,73,67,76,57,80
DS0939,63.0,74,61,89,61,91
DS0940,47.0,45,58,82,46,79
DS0941,61.0,69,73,38,67,70
DS0942,91.0,47,78,89,85,39
DS0943,72.0,65,54,70,71,79
DS0944,51.0,97,81,66,56,86
DS0945,82.0,80,87,63,71,89
DS0946,68.0,94,85,74,59,58
DS0947,59.0,90,70,62,72,80
DS0948,45.0,59,79,56,47,56
DS0949,80.0,63,83,73,94,86
DS0950,90.0,61,42,85,51,67
DS0951,93.0,49,65,50,59,70
DS0952,60.0,77,75,54,81,57
DS0953,49.0,78,74,72,74,61
DS0954,86.0,82,62,49,53,77
DS0955,65.0,86,98,68,61,41
DS0956,82.0,67,83,82,79,70
DS0957,65.0,99,73,86,68,42
DS0958,96.0,39,52,43,79,60
DS0959,58.0,38,84,59,53,44
DS0960,72.0,73,55,71,82,71
DS0961,82.0,86,60,100,73,37
DS0962,68.0,78,65,65,71,54
DS0963,66.0,50,60,76,69,82
DS0964,100.0,63,70,50,89,83
DS0965,61.0,83,76,44,74,73
DS0966,73.0,76,74,70,100,59
DS0967,92.0,86,94,74,69,81
DS0968,89.0,57,65,59,58,61
DS0969,75.0,68,75,70,78,73
DS0970,73.0,72,68,95,59,65
DS0971,77.0,38,83,93,68,89
DS0972,75.0,85,69,100,62,85
DS0973,74.0,69,75,64,61,66
DS0974,40.0,66,61,73,76,69
DS0975,41.0,48,63,68,62,75
DS0976,61.0,87,58,58,71,71
DS0977,59.0,87,78,85,69,67
DS0978,53.0,82,50,62,63,88
DS0979,70.0,74,59,87,70,56
DS0980,67.0,63,65,58,67,87
DS0981,54.0,42,68,51,70,87
DS0982,91.0,78,55,75,100,93
DS0983,67.0,71,74,88,85,59
DS0984,70.0,69,74,56,49,49
DS0985,50.0,59,75,99,59,63
DS0986,70.0,55,98,72,86,70
DS0987,86.0,96,61,80,73,68
DS0988,91.0,89,88,25,77,73
DS0989,77.0,87,85,68,85,73
DS0990,74.0,58,66,59,65,65
DS0991,78.0,94,85,100,100,44
DS0992,67.0,83,63,66,79,67
DS0993,61.0,92,34,86,57,85
DS0994,92.0,46,66,62,93,73
DS0995,53.0,77,76,66,76,72
DS0996,71.0,53,82,45,74,64
DS0997,79.0,91,91,79,65,49
DS0998,79.0,60,89,51,69,68
DS0999,69.0,63,99,72,78,85
DS1000,57.0,91,75,91,69,78
